survey_yr,birth_cohort,counts,age_wmean,polviews_wmean,happy_wmean,conrinc_wmean,dwelown_wmean,been_married_wmean,conrinc_median,is2018,been_married_wmean_binned,dwelown_wmean_binned,age_wmean_binned,relative_youth
1974,1900.0,69,72.08028527077383,3.9270141022006197,1.6058401249351906,640.9652402605844,0.0,0.9489043891787579,1689.0,0,0.9,-0.0,70.0,11.0
1974,1905.0,97,67.04640142297106,4.257736520269373,1.6185576931585886,9229.5831769953,0.0,0.9793821845437731,21952.0,0,0.9,-0.0,65.0,10.0
1974,1910.0,80,61.58140414048141,4.075579444068067,1.5407005106668612,18447.05746343423,0.0,0.9476731781994033,25329.0,0,0.9,-0.0,60.0,9.0
1974,1915.0,107,57.18565147157892,4.3628702489695685,1.734174097603025,21651.30929869105,0.0,0.9873414512238409,30395.0,0,0.9,-0.0,55.0,8.0
1974,1920.0,123,51.93728348573296,4.205573123032071,1.6620197804219137,24962.767082428898,0.0,0.9790934982723722,42215.0,0,0.9,-0.0,50.0,7.0
1974,1925.0,105,46.916991816405194,4.150197973779925,1.7193691981977088,28661.695885470388,0.0,0.9802365506758592,30395.0,0,0.9,-0.0,45.0,6.0
1974,1930.0,122,42.174710972975205,4.252791348494952,1.7472118425293333,24494.38583791511,0.0,0.9851298268231119,30395.0,0,0.9,-0.0,40.0,5.0
1974,1935.0,129,37.20765957377667,3.9221620857516104,1.6630671441477156,21321.566910173333,0.0,0.9734991518428732,42215.0,0,0.9,-0.0,35.0,4.0
1974,1940.0,139,31.72628006769907,4.072991094329929,1.7664209795062293,19716.506068559014,0.0,0.9452572666461471,25329.0,0,0.9,-0.0,30.0,3.0
1974,1945.0,172,26.97230187772998,3.4986197008281787,1.7783888663000131,17162.995374036105,0.0,0.7534679868080967,25329.0,0,0.7000000000000001,-0.0,25.0,2.0
1974,1950.0,169,22.143179345020986,3.55331865924575,1.9173227711444498,11151.743208485308,0.0,0.49893815377468864,13509.0,0,0.4,-0.0,20.0,1.0
1975,1905.0,94,68.0451922260884,4.101694935803396,1.6892678313793477,5095.886944872151,0.0,0.9661012839320569,15365.5,0,0.9,-0.0,65.0,11.0
1975,1910.0,85,63.11863895102478,4.045199774492153,1.6666690914822289,15593.316095319497,0.0,0.9774007189578142,27658.0,0,0.9,-0.0,60.0,10.0
1975,1915.0,93,57.93171278606975,4.297557559401803,1.6878037086741597,19649.91711906741,0.0,0.9707309107125284,27658.0,0,0.9,-0.0,55.0,9.0
1975,1920.0,107,52.9880534257163,4.215138369253709,1.8247009295294894,22417.215078520956,0.0,0.976095736749588,27658.0,0,0.9,-0.0,50.0,8.0
1975,1925.0,117,47.93624633270585,4.271812568683,1.7248330363971294,24083.682203847547,0.0,0.9899324944225443,33036.0,0,0.9,-0.0,45.0,7.0
1975,1930.0,121,42.942081701406984,4.212352733060625,1.7644748104037842,24687.198731136697,0.0,0.9922777811380662,38414.0,0,0.9,-0.0,40.0,6.0
1975,1935.0,116,38.11462494847145,4.090912483735638,1.8102756841210628,22640.086496719985,0.0,0.9802376335713402,27658.0,0,0.9,-0.0,35.0,5.0
1975,1940.0,134,33.04119565121294,4.033706555731392,1.8239692849030993,17830.121798668875,0.0,0.9101147797516334,23049.0,0,0.9,-0.0,30.0,4.0
1975,1945.0,169,27.878965911543542,3.6224815228704523,1.8703153186860348,15702.187826955982,0.0,0.8270945127362479,23049.0,0,0.8,-0.0,25.0,3.0
1975,1950.0,171,23.19416250028537,3.4281932744332586,1.920210944455859,13015.81022989293,0.0,0.53192304180079,16902.0,0,0.5,-0.0,20.0,2.0
1975,1955.0,79,19.22172353454119,3.6515827129947738,1.7511317577737338,4776.616723990935,0.0,0.2081511806986505,6146.0,0,0.2,-0.0,15.0,1.0
1976,1900.0,63,73.85184648280361,4.09258259627251,1.870367579878192,3573.381935158993,0.0,0.9722240766632271,18445.0,0,0.9,-0.0,70.0,12.0
1976,1905.0,76,68.71533353782858,4.481759321075644,1.737222051809482,4662.1627376505885,0.0,0.948906250939776,14188.5,0,0.9,-0.0,65.0,11.0
1976,1910.0,96,63.70588287134088,4.112310263271244,1.7486601797149282,7822.543314338087,0.0,0.9946528364532465,25539.0,0,0.9,-0.0,60.0,10.0
1976,1915.0,105,59.0917397035686,4.188072817988103,1.7385252136772325,19351.709394238624,0.0,0.9633046855436543,25539.0,0,0.9,-0.0,55.0,9.0
1976,1920.0,115,53.846775868227155,4.346780852071203,1.7943549659852642,20536.720245205124,0.0,0.9637109702713703,35471.0,0,0.9,-0.0,50.0,8.0
1976,1925.0,83,49.03553125388862,4.21827476987137,1.8680181070423594,22959.17479005305,0.0,0.9340111448866636,35471.0,0,0.9,-0.0,45.0,7.0
1976,1930.0,90,44.148513084509574,4.445546392110032,1.6683149990770834,24307.284292979606,0.0,0.9851486915490416,35471.0,0,0.9,-0.0,40.0,6.0
1976,1935.0,117,39.07754346343707,4.126530584789961,1.6285699631642274,26632.719642017833,0.0,0.942859569187099,35471.0,0,0.9,-0.0,35.0,5.0
1976,1940.0,154,33.8046315243786,4.003316417014543,1.692048648058716,22720.38673296772,0.0,0.9370876647294754,35471.0,0,0.9,-0.0,30.0,4.0
1976,1945.0,168,28.808861707375364,3.78071968714561,1.7776309365798586,17119.851997421694,0.0,0.8858268367227587,21283.0,0,0.8,-0.0,25.0,3.0
1976,1950.0,157,23.95907377295995,3.5145317675398973,1.7982776272207168,14211.520363745856,0.0,0.6080885275519422,18445.0,0,0.6000000000000001,-0.0,20.0,2.0
1976,1955.0,96,19.822641617971378,3.645283235942758,1.8641496702816618,5606.146201689829,0.0,0.2264177344389502,5675.0,0,0.2,-0.0,15.0,1.0
1977,1900.0,60,74.64284799643112,4.102039298947099,1.7040909898262238,3977.7767510832614,0.0,0.9693877972514695,10735.0,0,0.9,-0.0,70.0,12.0
1977,1905.0,69,69.78813748293297,4.635590981756305,1.6949207198677176,2081.137788252406,0.0,0.9491505945152282,9393.0,0,0.9,-0.0,65.0,11.0
1977,1910.0,93,64.77752753670869,4.040927235867132,1.7952147017088325,10791.214763249987,0.0,0.9706235657656015,17445.0,0,0.9,-0.0,60.0,10.0
1977,1915.0,115,59.670993971680915,4.212118849011636,1.6190522921631851,23975.05461762232,0.0,0.9653669563998318,24155.0,0,0.9,-0.0,55.0,9.0
1977,1920.0,132,54.9237190449579,4.231816341937228,1.6850691687010402,22767.77791083491,0.0,0.9446398283422901,30193.0,0,0.9,-0.0,50.0,8.0
1977,1925.0,121,49.802976002817104,4.219331979464739,1.7211923574393677,31140.51399628753,0.0,0.9702595349544142,30193.0,0,0.9,-0.0,45.0,7.0
1977,1930.0,96,45.04233661373915,4.269066463777276,1.7406000574683569,27991.138209488392,0.0,0.9811328139543098,30193.0,0,0.9,-0.0,45.0,6.0
1977,1935.0,133,40.369400919431534,4.12686403152682,1.6865708163938857,24261.546761937916,0.0,0.9365657185107535,30193.0,0,0.9,-0.0,40.0,5.0
1977,1940.0,162,34.87333487162049,4.109994278651273,1.7166677461664264,23142.293347312854,0.0,0.943330310734006,30193.0,0,0.9,-0.0,30.0,4.0
1977,1945.0,140,29.769525314003698,3.5507837639963507,1.7382862347544341,19719.276044952774,0.0,0.8554642099820207,24155.0,0,0.8,-0.0,25.0,3.0
1977,1950.0,171,25.017909481052815,3.6358204121681994,1.862691159028965,16784.071015001497,0.0,0.6417831902705635,18787.0,0,0.6000000000000001,-0.0,25.0,2.0
1977,1955.0,124,20.462233582310873,3.649543982804956,1.8549862262322245,8031.239247135941,0.0,0.2628340635519505,9393.0,0,0.2,-0.0,20.0,1.0
1978,1905.0,65,71.05982968020729,3.9829055645113645,1.581190550543116,5357.915454537782,0.0,0.9658145050344775,5016.0,0,0.9,-0.0,70.0,11.0
1978,1910.0,76,65.84443973052646,4.4592637022624375,1.7333294321598125,7148.234926231249,0.0,0.9703710747489229,11287.0,0,0.9,-0.0,65.0,10.0
1978,1915.0,79,60.76542938962709,4.37654354851884,1.5802437980711213,19113.05912328761,0.0,0.9814829037791261,22573.0,0,0.9,-0.0,60.0,9.0
1978,1920.0,110,56.0684935954673,4.387946382670151,1.7305595690987836,22663.379784910154,0.0,0.9634659335862316,28217.0,0,0.9,-0.0,55.0,8.0
1978,1925.0,105,50.999997601256936,4.230772675118238,1.6842118729785591,24926.7247410357,0.0,1.0,34487.0,0,0.9,-0.0,50.0,7.0
1978,1930.0,81,45.958107874755854,4.575915905544704,1.7539269343596289,27941.4186472382,0.0,0.9790580734420222,31352.0,0,0.9,-0.0,45.0,6.0
1978,1935.0,132,40.970238683079046,4.029860811195244,1.809683667167332,26924.08448316778,0.0,0.9514910138245452,28217.0,0,0.9,-0.0,40.0,5.0
1978,1940.0,139,35.91849308251219,4.151194003567846,1.6588472640129852,22231.784214958923,0.0,0.9534817128725757,28217.0,0,0.9,-0.0,35.0,4.0
1978,1945.0,191,30.98587524603115,3.887009220867905,1.694913013206461,23626.820588064642,0.0,0.9067837648455528,28217.0,0,0.9,-0.0,30.0,3.0
1978,1950.0,201,25.940568754058585,3.7791465013416317,1.736893049242192,15604.719023732801,0.0,0.7270990112354042,18811.0,0,0.7000000000000001,-0.0,25.0,2.0
1978,1955.0,146,21.05295133493616,3.8470610376853793,1.7852926124993684,8719.512455976996,0.0,0.33530036717061384,11287.0,0,0.30000000000000004,-0.0,20.0,1.0
1980,1905.0,56,72.63441715094574,4.161298057204874,1.4301008099712063,129.99328844944463,0.0,0.9677441744540426,5495.5,0,0.9,-0.0,70.0,12.0
1980,1910.0,102,67.77368146580346,4.433237593510357,1.7400013348521997,3890.311559028183,0.0,0.9710857438916372,9892.0,0,0.9,-0.0,65.0,11.0
1980,1915.0,100,63.14364356683879,4.022098760895925,1.6132538531533076,12604.628541107868,0.0,0.9392292180438452,24731.0,0,0.9,-0.0,60.0,10.0
1980,1920.0,109,57.73587523131581,4.48474818864361,1.9220602246886498,26752.992846889036,0.0,0.935052869163113,30226.0,0,0.9,-0.0,55.0,9.0
1980,1925.0,97,52.927453919490986,4.269428203389693,1.7357496779659816,28577.786880876294,0.0,0.9533686633282556,35722.0,0,0.9,-0.0,50.0,8.0
1980,1930.0,100,48.04870937841828,4.639734589145318,1.7112478762088437,22615.695335745942,0.0,0.9599927308519685,27478.5,0,0.9,-0.0,45.0,7.0
1980,1935.0,97,43.17187381472874,4.242575460833466,1.7225534277182795,27142.779542131866,0.0,0.9823726458357758,30226.0,0,0.9,-0.0,40.0,6.0
1980,1940.0,126,37.74999694371795,4.1625029238431575,1.7124967705286398,36140.360034099955,0.0,0.9041704802274853,38470.0,0,0.9,-0.0,35.0,5.0
1980,1945.0,172,32.87625162729539,3.979939291251528,1.812707623265581,25143.261434244185,0.0,0.8829485611110747,24731.0,0,0.8,-0.0,30.0,4.0
1980,1950.0,176,28.126508991201455,3.8162674701265407,1.813249782304637,19416.94067786624,0.0,0.8222945975021888,24731.0,0,0.8,-0.0,25.0,3.0
1980,1955.0,159,22.766101727033224,3.772051901843295,1.8092154140515753,13718.293024930432,0.0,0.4757219380091661,19785.0,0,0.4,-0.0,20.0,2.0
1980,1960.0,54,19.467625727175765,3.9856140923636345,1.9064768246588224,6080.849201971221,0.0,0.17266325746595262,7694.0,0,0.1,-0.0,15.0,1.0
1982,1905.0,66,74.75615077708356,4.253032277738852,1.7473107934929006,1320.0518818092378,0.0,0.9906354260073406,6334.0,0,0.9,-0.0,70.0,12.0
1982,1910.0,95,69.68178257485235,4.2812684373094285,1.5980567385732063,5519.489831281575,0.0,0.9489618090502088,9953.0,0,0.9,-0.0,65.0,11.0
1982,1915.0,103,64.91141416093672,4.119765101807053,1.7811107434912175,15643.17465038802,0.0,0.9720408691407852,20358.0,0,0.9,-0.0,60.0,10.0
1982,1920.0,125,59.82913499385549,4.314539112401084,1.6579410225320637,12613.4916618402,0.0,0.9535995025324575,20358.0,0,0.9,-0.0,55.0,9.0
1982,1925.0,129,55.03071504752916,4.152750578955587,1.7737817013486257,18679.496030540944,0.0,0.9691440760466883,29406.0,0,0.9,-0.0,55.0,8.0
1982,1930.0,119,50.059589083715736,4.111149700234863,1.7362573277128277,23634.964748835457,0.0,0.9702050963691011,29406.0,0,0.9,-0.0,50.0,7.0
1982,1935.0,112,45.102233209500724,4.001669868043776,1.839236959533584,25441.211823876718,0.0,0.9876695860145364,33931.0,0,0.9,-0.0,45.0,6.0
1982,1940.0,139,39.92358330035172,4.21991239191537,1.9761436790476257,25495.956672234403,0.0,0.9273622095662304,29406.0,0,0.9,-0.0,35.0,5.0
1982,1945.0,164,34.98116282512481,4.017885889577883,1.7259946507627872,20881.052051171577,0.0,0.8671864990510382,24882.0,0,0.8,-0.0,30.0,4.0
1982,1950.0,233,29.848915249783477,3.8272872798256032,1.8243368736419954,20313.98386214516,0.0,0.8003568909994289,24882.0,0,0.8,-0.0,25.0,3.0
1982,1955.0,240,25.097763765409287,3.910757663557904,1.900176177575665,16052.291483695137,0.0,0.5720684597147414,20358.0,0,0.5,-0.0,25.0,2.0
1982,1960.0,133,20.35038290982168,3.898736366601858,1.9850357275455628,5533.09049776305,0.0,0.21499627315755107,8143.0,0,0.2,-0.0,20.0,1.0
1983,1925.0,50,56.19417524180252,4.504853325348428,1.8932076478503135,32181.2871801959,0.0,1.0,40577.0,0,0.9,-0.0,55.0,7.0
1983,1935.0,58,46.05344112813285,4.312978689046615,1.7633549999471794,32178.682610014544,0.0,0.969466524402483,36306.0,0,0.9,-0.0,45.0,6.0
1983,1940.0,67,40.731344692917936,3.917908829227053,1.7985063065907525,21553.972777422867,0.0,0.9626871727381773,27764.0,0,0.9,-0.0,40.0,5.0
1983,1945.0,95,36.08186874870655,3.953216536539176,1.789474414426289,26837.25807906156,0.0,0.9415195144990121,27764.0,0,0.9,-0.0,35.0,4.0
1983,1950.0,101,31.067359758083843,3.6683814686654235,1.7564776286972212,23404.012551654057,0.0,0.8031050823289346,23492.0,0,0.8,-0.0,30.0,3.0
1983,1955.0,117,26.167373904248432,4.133048910972916,1.8326193076284079,21237.317165721004,0.0,0.7210259569344496,23492.0,0,0.7000000000000001,-0.0,25.0,2.0
1983,1960.0,50,21.438006806711297,3.677684411062622,1.6694235535738502,7914.232313742662,0.0,0.1156977532624342,11105.0,0,0.1,-0.0,20.0,1.0
1984,1910.0,60,71.83506175204975,4.4948486735484074,1.7010254752153535,5344.13195059836,0.0,0.9072202396634174,18455.0,0,0.9,-0.0,70.0,11.0
1984,1915.0,89,66.91390533189225,4.039741424957723,1.523177262627778,8342.786665333277,0.0,0.9337779675293956,10663.0,0,0.9,-0.0,65.0,10.0
1984,1920.0,89,61.65116247658839,4.62209380852903,1.6279039403544158,15663.696002467224,0.0,0.9534896808817174,22556.0,0,0.9,-0.0,60.0,9.0
1984,1925.0,92,56.95629047154074,4.650270876994022,1.6502655874608445,26717.68304376666,0.0,0.9672122996457072,22556.0,0,0.9,-0.0,55.0,8.0
1984,1930.0,70,52.208860875819575,4.32277942035982,1.7025352671826806,28602.149587012802,0.0,0.9746853124574976,36909.5,0,0.9,-0.0,50.0,7.0
1984,1935.0,96,47.026912619066636,4.26008875955398,1.6816132986536747,26238.62543103598,0.0,0.9955160104038977,26657.0,0,0.9,-0.0,45.0,6.0
1984,1940.0,120,42.01645564981293,4.139918036443827,1.7366235603796074,24234.2122376497,0.0,0.9423888934919916,26657.0,0,0.9,-0.0,40.0,5.0
1984,1945.0,170,36.778843934366016,4.060903919325095,1.7596121627893702,25859.155286906705,0.0,0.9455163923643773,30758.0,0,0.9,-0.0,35.0,4.0
1984,1950.0,159,32.06028308907324,3.882976897581014,1.794321742306287,20076.910853990405,0.0,0.8546144425130642,22556.0,0,0.8,-0.0,30.0,3.0
1984,1955.0,181,26.820357955579563,4.11378055948093,1.7065826127580939,16872.226438957547,0.0,0.7006077987899668,22556.0,0,0.7000000000000001,-0.0,25.0,2.0
1984,1960.0,177,22.223064326350393,4.135340312230862,1.8270668009073379,9038.805189776684,0.0,0.3233149358919929,12303.0,0,0.30000000000000004,-0.0,20.0,1.0
1985,1910.0,59,72.73560189098237,4.367809819176478,1.8505715762549058,2936.750715995484,0.7816141677259628,0.9310359362070764,3155.0,0,0.9,0.7000000000000001,70.0,11.0
1985,1915.0,87,68.11110899315331,3.993827609089057,1.7098738001603562,8684.553391002675,0.8086451595993722,0.9567932636233994,23659.5,0,0.9,0.8,65.0,10.0
1985,1920.0,107,63.014918551449625,4.437819204862428,1.6417857708686403,19763.943205419335,0.7910471407790062,0.9701504145642394,35489.0,0,0.9,0.7000000000000001,60.0,9.0
1985,1925.0,111,57.87837682762075,4.463959640639643,1.8378340314327295,23349.322022906006,0.8378409863457669,0.9279288442847131,25631.0,0,0.9,0.8,55.0,8.0
1985,1930.0,97,52.74648025153357,4.187791198137056,1.8262850774263113,26227.852208620632,0.8028206917173327,0.9953054918768065,29574.0,0,0.9,0.8,50.0,7.0
1985,1935.0,101,48.11008719471007,4.403666622105794,1.8669698576678493,29652.43875255524,0.7935780994226858,0.972478201322484,29574.0,0,0.9,0.7000000000000001,45.0,6.0
1985,1940.0,106,42.84036903572111,4.276998784922161,1.7887277745409935,33340.25263470737,0.7370946682456938,0.953053234182015,33517.0,0,0.9,0.7000000000000001,40.0,5.0
1985,1945.0,154,37.972410561931156,3.9517317936062994,1.7930985143124867,27524.107715006747,0.6862127346925736,0.9034529390311752,29574.0,0,0.9,0.6000000000000001,35.0,4.0
1985,1950.0,172,32.93103281377336,4.200631264471015,1.8934164935842024,24398.07031211715,0.6206937859109563,0.8495347192434025,25631.0,0,0.8,0.6000000000000001,30.0,3.0
1985,1955.0,184,27.893375351511054,4.083578427010286,1.7579223472039298,19263.672400598007,0.5014421964546327,0.7521674660947566,21688.0,0,0.7000000000000001,0.5,25.0,2.0
1985,1960.0,144,23.105083450604482,3.8983093982436485,1.7559314338351952,9596.134529793413,0.2508483757701132,0.46102247353466685,10252.0,0,0.4,0.2,20.0,1.0
1986,1905.0,50,78.58904109589041,4.219178082191781,1.7945205479452055,198.64383561643834,0.6986301369863013,0.9863013698630135,3816.0,0,0.9,0.6000000000000001,75.0,13.0
1986,1910.0,54,73.54022988505749,4.367816091954024,1.6206896551724141,3592.517241379311,0.8620689655172413,0.9425287356321839,44840.5,0,0.9,0.8,70.0,12.0
1986,1915.0,83,68.80714285714284,4.471428571428569,1.6571428571428566,3608.62857142857,0.7857142857142854,0.9785714285714283,28621.5,0,0.9,0.7000000000000001,65.0,11.0
1986,1920.0,100,63.98421052631579,4.215789473684211,1.610526315789474,10677.068421052632,0.7789473684210526,0.9789473684210526,20989.0,0,0.9,0.7000000000000001,60.0,10.0
1986,1925.0,75,59.17441860465115,4.302325581395349,1.8023255813953485,27027.575581395344,0.8488372093023255,0.9534883720930231,32438.0,0,0.9,0.8,55.0,9.0
1986,1930.0,75,54.11874999999999,4.2375,1.7374999999999998,18496.324999999993,0.7999999999999998,0.9624999999999999,22897.0,0,0.9,0.7000000000000001,50.0,8.0
1986,1935.0,92,49.08737864077668,4.3252427184466,1.723300970873786,23304.281553398047,0.7961165048543688,0.9757281553398058,28622.0,0,0.9,0.7000000000000001,45.0,7.0
1986,1940.0,124,44.03501945525291,4.299610894941633,1.758754863813229,27675.700389105048,0.7976653696498054,0.9416342412451361,28622.0,0,0.9,0.7000000000000001,40.0,6.0
1986,1945.0,154,39.076190476190476,4.301587301587302,1.6634920634920636,27665.076190476186,0.7904761904761904,0.9460317460317461,32438.0,0,0.9,0.7000000000000001,35.0,5.0
1986,1950.0,172,33.86890243902439,4.039634146341463,1.7378048780487807,21761.35670731707,0.521341463414634,0.8871951219512194,20989.0,0,0.8,0.5,30.0,4.0
1986,1955.0,188,28.948126801152736,4.008645533141211,1.804034582132565,22913.403458213255,0.48703170028818427,0.7204610951008646,24805.0,0,0.7000000000000001,0.4,25.0,3.0
1986,1960.0,141,24.154098360655738,4.213114754098361,1.698360655737705,12626.042622950818,0.4327868852459016,0.42622950819672123,13738.0,0,0.4,0.4,20.0,2.0
1986,1965.0,59,19.968749999999996,3.8374999999999995,1.8562500000000002,4896.643749999999,0.4999999999999999,0.1,6869.0,0,0.1,0.4,15.0,1.0
1987,1910.0,63,74.43778795187683,3.877906598882134,1.5899691647770766,2676.087950793628,0.7894485044555812,0.9361577290255491,11243.0,0,0.9,0.7000000000000001,70.0,12.0
1987,1915.0,88,69.88201875329952,4.057154954563848,1.6860041644223271,3160.1253922569617,0.7948928210611506,0.9526156270349795,15177.5,0,0.9,0.7000000000000001,65.0,11.0
1987,1920.0,104,64.90112474949133,4.176689906248757,1.7340835746962504,10730.205821908366,0.8587524132037851,0.9688322799122416,22485.5,0,0.9,0.8,60.0,10.0
1987,1925.0,96,59.98263264683929,4.265487116409625,1.7919586631763755,19212.438931466237,0.881559277131233,0.9732162193416806,24359.0,0,0.9,0.8,55.0,9.0
1987,1930.0,99,54.831689347486616,4.3173950599638315,1.838162014649836,28476.293266597357,0.8366208611461531,0.9955150302415865,35602.0,0,0.9,0.8,50.0,8.0
1987,1935.0,110,49.82206097165917,4.018188477078747,1.704252859077365,28587.58397072792,0.8227875295930683,0.92644171846599,31854.0,0,0.9,0.8,45.0,7.0
1987,1940.0,145,44.95520460956197,3.9792824963364253,1.675992210285999,27631.50571919455,0.7717867753667788,0.9443609441465068,31854.0,0,0.9,0.7000000000000001,40.0,6.0
1987,1945.0,169,39.854892994318355,3.8975376657660004,1.8188140139489386,27514.030745780008,0.696225512557923,0.9494370989557073,31854.0,0,0.9,0.6000000000000001,35.0,5.0
1987,1950.0,215,34.90187203445702,3.8342180043442164,1.8038289817149558,25499.975479232715,0.6363516580688389,0.8429874470576008,28107.0,0,0.8,0.6000000000000001,30.0,4.0
1987,1955.0,208,29.96185478128789,3.94849717846312,1.8723552978485845,21589.32922638911,0.5239989616660881,0.6965255429099828,24359.0,0,0.6000000000000001,0.5,25.0,3.0
1987,1960.0,192,24.852267150207375,3.8859706818245816,1.789473234291967,16808.503495814275,0.3348554607515397,0.42068695365330694,16864.0,0,0.4,0.30000000000000004,20.0,2.0
1987,1965.0,113,20.314494725891922,4.160989910547746,1.9124887740339633,6514.311408800889,0.4339477237195021,0.15054162980570274,8245.0,0,0.1,0.4,20.0,1.0
1988,1910.0,70,75.92522254879715,4.448599626754754,1.6541993608043244,2601.3612757177757,0.49533091656157047,0.8785070893730641,11416.5,0,0.8,0.4,75.0,12.0
1988,1915.0,76,70.63280180557699,4.398434088352704,1.5781228174646933,2423.6791116208283,0.6015659116472948,0.9687508730141224,9423.0,0,0.9,0.6000000000000001,70.0,11.0
1988,1920.0,91,66.00632271328736,4.303802323489927,1.7468270294801869,10030.46601898958,0.5569633823419053,0.9810128014694234,14678.0,0,0.9,0.5,65.0,10.0
1988,1925.0,92,61.054880966725776,4.359761072762638,1.670725675497335,18254.805078064484,0.4756143884231605,0.9756103718749821,27182.0,0,0.9,0.4,60.0,9.0
1988,1930.0,70,56.20000349520146,4.292864277293154,1.792851506364627,24799.61292659942,0.41428623280461674,0.9642857622967236,30806.0,0,0.9,0.4,55.0,8.0
1988,1935.0,77,50.71052357874977,4.256582808549417,1.6710502529611184,28108.825840665446,0.5065809512724824,0.9539494374927256,30806.0,0,0.9,0.5,50.0,7.0
1988,1940.0,104,45.59615123608153,4.211539957979924,1.677884084669911,30806.064642512672,0.43269639680560557,0.9423101631761531,34430.0,0,0.9,0.4,45.0,6.0
1988,1945.0,147,41.16788266518668,4.058400212107141,1.6897781941769445,30984.350443172047,0.5182502809320626,0.956206194517635,30806.0,0,0.9,0.5,40.0,5.0
1988,1950.0,173,36.15181849012586,3.9438992970020417,1.6798644936961247,25644.01425934277,0.514853766734867,0.9339959576685661,27182.0,0,0.9,0.5,35.0,4.0
1988,1955.0,150,30.915496364508698,4.073951035511977,1.757037054708644,25166.725627761738,0.3485943120399308,0.7535248228642317,27182.0,0,0.7000000000000001,0.30000000000000004,30.0,3.0
1988,1960.0,176,26.011696125266422,4.040938639641689,1.7456106512112433,18144.53327650545,0.298248993084351,0.49707982079955637,19933.0,0,0.4,0.2,25.0,2.0
1988,1965.0,129,21.155343531210317,3.9190952860958257,1.6990264001778488,7513.500519842008,0.2783185988933182,0.2265396550831534,7973.0,0,0.2,0.2,20.0,1.0
1989,1910.0,56,76.64044975954454,4.292141307743415,1.6629201371014226,4117.622520096622,0.3370776629399368,0.9325844674120128,19233.0,0,0.9,0.30000000000000004,75.0,12.0
1989,1915.0,63,71.98214076559056,3.9107160650946007,1.6607095094829107,2182.492017013123,0.5446437156158165,0.9732163928751864,12589.0,0,0.9,0.5,70.0,11.0
1989,1920.0,100,66.76743254195922,4.244186496553106,1.674411933448078,9896.655194474042,0.5697665947235655,0.9825594896593175,15736.0,0,0.9,0.5,65.0,10.0
1989,1925.0,80,61.69655036451604,4.248282743990786,1.6551728328546487,11740.115724218205,0.5655217393065621,0.9862079395493477,22730.0,0,0.9,0.5,60.0,9.0
1989,1930.0,76,56.6258035503377,4.290324047582055,1.774188617849208,20622.72923906357,0.6000015158347892,1.0,22730.0,0,0.9,0.6000000000000001,55.0,8.0
1989,1935.0,101,51.640187817997344,4.15887949656579,1.6822400919327376,23633.718416648906,0.49532788092661034,0.9766362023581552,29724.0,0,0.9,0.4,50.0,7.0
1989,1940.0,118,46.92366184026156,4.064884072863148,1.732823914058851,29415.6303267632,0.4771004203643157,0.958016627744045,38467.0,0,0.9,0.4,45.0,6.0
1989,1945.0,134,41.920861804490315,4.007195085705754,1.827336959048018,28794.351139339295,0.521583144229916,0.9424477659033512,33221.0,0,0.9,0.5,40.0,5.0
1989,1950.0,164,36.91864911198972,3.8983077395842396,1.6915223706645657,28147.591810619757,0.48136004720302816,0.8576322955790966,33221.0,0,0.8,0.4,35.0,4.0
1989,1955.0,176,31.930514962281535,3.9123912854448046,1.6827738411914224,23542.46982256081,0.39577333070697074,0.7855036612323436,26227.0,0,0.7000000000000001,0.30000000000000004,30.0,3.0
1989,1960.0,160,27.091209073648784,4.006520537076945,1.7784994473742788,21057.789277721695,0.2508155454604014,0.5928401645695802,19233.0,0,0.5,0.2,25.0,2.0
1989,1965.0,130,21.987693130733078,3.8215359368053,1.7230761630618008,10099.167447041546,0.2707679925006899,0.2276945525174621,12589.0,0,0.2,0.2,20.0,1.0
1990,1915.0,67,72.99999423856933,4.70408523844641,1.663263581612586,3539.116183090585,0.45918602507374623,0.9489825313421829,8718.0,0,0.9,0.4,70.0,11.0
1990,1920.0,79,67.97761070349105,4.43284053753413,1.6716381644737581,11151.371800525847,0.5074663760266969,0.947763458016382,11065.0,0,0.9,0.5,65.0,10.0
1990,1925.0,83,63.025975692471256,4.0909094242085375,1.6753215645298285,18330.87943636841,0.519484519073894,0.9480535034493717,25148.0,0,0.9,0.5,60.0,9.0
1990,1930.0,73,57.746577549757646,4.04109518407755,1.6712295039703002,23261.7007296071,0.4931538104568423,0.9863024646797979,25148.0,0,0.9,0.4,55.0,8.0
1990,1935.0,63,52.803029482130775,4.575765568726526,1.6969662405506905,24290.90527450403,0.5681833087625144,0.9545463618554435,36883.0,0,0.9,0.5,50.0,7.0
1990,1940.0,93,47.78536352043744,4.224389970723001,1.6536565034138142,29372.574764677745,0.6195128579179638,0.9853670090732073,31854.0,0,0.9,0.6000000000000001,45.0,6.0
1990,1945.0,135,42.85213973018852,3.867705664986752,1.7431855096789126,27456.781646315834,0.4980557227658387,0.9572002700751202,31854.0,0,0.9,0.4,40.0,5.0
1990,1950.0,162,37.923078694762076,4.1293768026580135,1.751743679880181,28659.705952958317,0.5000042773541735,0.8811217986471716,31854.0,0,0.8,0.5,35.0,4.0
1990,1955.0,167,33.00649422070575,4.142858801416654,1.6396074137260988,22590.647281568585,0.3733779724441685,0.8181862621690257,25148.0,0,0.8,0.30000000000000004,30.0,3.0
1990,1960.0,136,28.303843895970225,4.153850664029899,1.661536935871368,20501.20099761924,0.29615509063047196,0.7000034021262566,21795.0,0,0.7000000000000001,0.2,25.0,2.0
1990,1965.0,122,22.888442415276447,4.103587043484064,1.760956494941368,12347.572666517202,0.2868532558123841,0.314744901440471,15089.0,0,0.30000000000000004,0.2,20.0,1.0
1991,1915.0,78,73.69230891793553,4.392306310690862,1.6538535076131546,6445.67376271756,0.5769224083988043,0.9538445271037568,20761.0,0,0.9,0.5,70.0,12.0
1991,1920.0,85,68.92958321730254,4.528166978292292,1.795779130365597,2591.2318600734648,0.49999867393351105,0.9507021522059117,8624.0,0,0.9,0.4,65.0,11.0
1991,1925.0,78,63.697994270065195,4.026842482398838,1.6040304164249708,14672.149535627581,0.4899321734448989,0.966441841920021,23956.0,0,0.9,0.4,60.0,10.0
1991,1930.0,81,58.98630693513689,4.041093381620828,1.7534268129736534,20369.399487461244,0.5136982237836555,0.9589027491887598,27150.0,0,0.9,0.5,55.0,9.0
1991,1935.0,73,53.83333720784262,4.450616279448208,1.7777802316336637,27394.17240249022,0.49999999999999994,0.9012337212492038,30344.0,0,0.9,0.4,50.0,8.0
1991,1940.0,113,48.74137872260297,4.271548323631487,1.784482674657567,29920.852321462775,0.573273553083109,0.9396526815078388,35135.0,0,0.9,0.5,45.0,7.0
1991,1945.0,122,43.692303704595936,3.9352187429958487,1.753038372460018,23529.68497898183,0.5384601310338625,0.9352210300658219,27150.0,0,0.9,0.5,40.0,6.0
1991,1950.0,174,39.09748255243152,3.974846841554879,1.7169840369404077,26698.62996824915,0.47484092009943296,0.8899331704538321,30344.0,0,0.8,0.4,35.0,5.0
1991,1955.0,202,34.0386691274309,4.063531827814472,1.776247660522732,24956.793716624405,0.4364608897660158,0.8425364042949628,27150.0,0,0.8,0.4,30.0,4.0
1991,1960.0,154,29.031037449474855,3.9758570199503263,1.8655201857052415,17084.974398000097,0.3103426781163255,0.6896501793743811,20761.0,0,0.6000000000000001,0.30000000000000004,25.0,3.0
1991,1965.0,145,23.909697892978127,3.8896296384930626,1.7959878605512634,13169.408914773841,0.22073505508284313,0.3444754361315489,17567.0,0,0.30000000000000004,0.2,20.0,2.0
1991,1970.0,65,20.325001794744754,3.8312586868588197,1.662498543608767,6705.521106786724,0.256250713484594,0.12499779334661641,7027.0,0,0.1,0.2,20.0,1.0
1993,1915.0,73,75.82691733919383,4.346154405932308,1.836535872563074,2350.8729560389174,0.557694826695387,0.971155315572309,13533.0,0,0.9,0.5,75.0,12.0
1993,1920.0,80,70.96478212671613,4.5845125031977485,1.7323897309627359,4403.355507056365,0.690146137119468,0.9859165813933659,13533.0,0,0.9,0.6000000000000001,70.0,11.0
1993,1925.0,78,65.92700297473546,4.408759587790602,1.6423301818262166,8315.595772947858,0.5912473173520709,0.934308615684617,13533.0,0,0.9,0.5,65.0,10.0
1993,1930.0,79,61.1736077625001,4.402773635354325,1.6805510481608736,24286.888020549337,0.5763919090258115,0.9652802869549794,27066.0,0,0.9,0.5,60.0,9.0
1993,1935.0,93,56.138721742839344,4.283235451731793,1.6589564399531915,31323.509818782328,0.5317934752889967,0.9710992267900302,33081.0,0,0.9,0.5,55.0,8.0
1993,1940.0,115,50.88362995215335,4.284484945062385,1.7543077892920376,27805.364534920234,0.5603473796065761,0.948277985237427,33081.0,0,0.9,0.5,50.0,7.0
1993,1945.0,146,45.87118607325484,3.8915261607491596,1.806777506482545,34873.75280643053,0.5423743271333071,0.9423750967651731,39095.0,0,0.9,0.5,45.0,6.0
1993,1950.0,184,40.97126068393493,4.028739859742176,1.795973744744681,30018.486394208314,0.528737956872269,0.9224167317720013,28570.0,0,0.9,0.5,40.0,5.0
1993,1955.0,194,36.10950433388203,4.046113028254063,1.7809771558589056,28639.445484469503,0.46397973432378947,0.8674388793683006,28570.0,0,0.8,0.4,35.0,4.0
1993,1960.0,172,30.97169969043748,4.122642211048698,1.7704388315040998,21721.097925996524,0.3396257286142748,0.7704453761663627,25562.0,0,0.7000000000000001,0.30000000000000004,30.0,3.0
1993,1965.0,157,26.19480915974264,4.048701829221098,1.7629869292207292,18345.725771021178,0.26948177597477985,0.5714334857172344,19548.0,0,0.5,0.2,25.0,2.0
1993,1970.0,104,21.017668397315646,3.848054323569407,1.795053142912919,4971.067128945607,0.36395708454062037,0.1731466835319145,6616.0,0,0.1,0.30000000000000004,20.0,1.0
1994,1910.0,58,81.45677964748522,4.20986877071486,1.8641949118713117,735.2911907808746,0.4321008775231355,0.9753098247462892,13203.0,0,0.9,0.4,80.0,13.0
1994,1915.0,112,76.60794336158328,4.386366761882867,1.795447888814354,3095.672166530719,0.5795443689643481,0.9488635468926662,24938.0,0,0.9,0.5,75.0,12.0
1994,1920.0,130,72.06046965689232,4.232552004111174,1.6558103841506695,3833.994544788933,0.5953510395666082,0.948839779385352,19070.5,0,0.9,0.5,70.0,11.0
1994,1925.0,142,66.99588048384928,4.3785963079463786,1.6460835323520402,4943.037655783936,0.5144050005968661,0.9547339840313624,13203.0,0,0.9,0.5,65.0,10.0
1994,1930.0,144,62.01550493628591,4.4573608881161055,1.7945715893938246,15457.595931377538,0.5426355312325892,0.9612415980017103,20537.5,0,0.9,0.5,60.0,9.0
1994,1935.0,171,57.15625427622711,4.12813063126783,1.7656232047063467,26654.72488667457,0.44375242139103754,0.9562524286082983,27872.0,0,0.9,0.4,55.0,8.0
1994,1940.0,228,51.971491269831944,4.245615264838531,1.7280684232214,28512.4342138797,0.5723690474791647,0.9473689968319131,27872.0,0,0.9,0.5,50.0,7.0
1994,1945.0,295,47.09665900454305,4.344465980073718,1.8189775399874855,31866.546186564654,0.5307585177671108,0.940247774829031,38141.0,0,0.9,0.5,45.0,6.0
1994,1950.0,313,42.095240519216084,4.134357060037895,1.8044182385490606,26919.946207529327,0.44047773912879545,0.9047641940744512,27872.0,0,0.9,0.4,40.0,5.0
1994,1955.0,353,36.96651081323432,4.188201049454367,1.8054195386396583,26437.79726589056,0.41467562359790117,0.8245648465496398,32273.0,0,0.8,0.4,35.0,4.0
1994,1960.0,382,32.13610613181827,4.007167005305639,1.8123179528771256,24666.887811591096,0.3495707102524494,0.7908367894272641,27872.0,0,0.7000000000000001,0.30000000000000004,30.0,3.0
1994,1965.0,291,26.98141334412135,4.189591307865657,1.8327097944485238,18360.760792534296,0.28067182852005274,0.6282589837334995,22004.0,0,0.6000000000000001,0.2,25.0,2.0
1994,1970.0,182,21.98564650615106,3.8157945452038042,1.8947345622478318,8689.516098561868,0.2153116900108559,0.177036443102296,10562.0,0,0.1,0.2,20.0,1.0
1996,1915.0,70,78.57894736842107,4.3157894736842115,1.810526315789474,2634.22105263158,0.42105263157894746,0.968421052631579,26652.0,0,0.9,0.4,75.0,13.0
1996,1920.0,95,73.77702840538754,4.1959543842016505,1.6486481443704195,4834.284984302157,0.6283790171308021,0.9662160481234732,7294.0,0,0.9,0.6000000000000001,70.0,12.0
1996,1925.0,125,68.87850396538983,4.4906553754065826,1.579440707550457,5295.8709284750175,0.5841119445163722,0.9672892975337073,16833.0,0,0.9,0.5,65.0,11.0
1996,1930.0,132,63.7710905015112,4.530117880865209,1.7309205117437259,15694.26752021364,0.49397583235247144,0.9718872176448669,21041.0,0,0.9,0.4,60.0,10.0
1996,1935.0,138,59.09803738958737,4.341177277469146,1.5882344447693202,27510.503521291997,0.5019626104126282,0.9568622779564594,36472.0,0,0.9,0.5,55.0,9.0
1996,1940.0,207,53.950520601114754,4.320312792145965,1.7994796385947651,30114.42051472344,0.546872797668873,0.9479159175744466,36472.0,0,0.9,0.5,50.0,8.0
1996,1945.0,276,48.90596974330447,4.155514408100855,1.7721519619445965,33366.18923434774,0.5316444234046456,0.9457499439881938,30861.0,0,0.9,0.5,45.0,7.0
1996,1950.0,283,43.863038747062824,4.157595658765002,1.8142578801628757,29795.61572119219,0.4802993769370337,0.9193240704569924,36472.0,0,0.9,0.4,40.0,6.0
1996,1955.0,349,38.841502108973565,4.230390997862449,1.7941177355321285,28843.90427197246,0.45098132997389584,0.8725489311345381,30861.0,0,0.8,0.4,35.0,5.0
1996,1960.0,314,33.87477297117419,4.19600556228976,1.7785832465756903,25433.3225062245,0.41016340729672984,0.7876600561574761,26652.0,0,0.7000000000000001,0.4,30.0,4.0
1996,1965.0,298,29.087121016656507,4.111742469146478,1.7386372986972412,22921.825328060564,0.2897713722268789,0.6742437766468578,26652.0,0,0.6000000000000001,0.2,25.0,3.0
1996,1970.0,272,23.996459704411762,4.03900853444297,1.8492890357900837,13977.80656557381,0.20390026589754623,0.37588956210140667,15430.0,0,0.30000000000000004,0.2,20.0,2.0
1996,1975.0,108,19.885613568846594,4.121772205385936,1.8708488137721049,5824.217126273506,0.43910914193363,0.15498373322626952,6172.0,0,0.1,0.4,15.0,1.0
1998,1915.0,68,80.76089031337624,4.206517293096395,1.6521818171039915,494.28921550223384,0.42390859744422205,0.9782598815576532,18724.5,0,0.9,0.4,80.0,13.0
1998,1920.0,97,75.7692311603977,4.405591907460072,1.741265266634545,4661.625515350222,0.5384572356251772,0.9860132392407333,13374.5,0,0.9,0.5,75.0,12.0
1998,1925.0,135,71.24214869362969,4.358736812585241,1.7354275041719551,3562.615241761457,0.47981768126504604,0.9775770130347622,17387.0,0,0.9,0.4,70.0,11.0
1998,1930.0,122,65.91402456981437,4.321269983333854,1.6968365582517164,11181.611553768473,0.5565596008022125,0.9683252744649312,20062.0,0,0.9,0.5,65.0,10.0
1998,1935.0,134,60.98298061956734,4.451058450741272,1.6723459823431666,24074.34368550042,0.5148904106621777,0.9617009787690967,34774.0,0,0.9,0.5,60.0,9.0
1998,1940.0,176,55.92988253526075,4.295727582458938,1.7408559245893336,29394.200469349038,0.5640214144654615,0.954266182093902,34774.0,0,0.9,0.5,55.0,8.0
1998,1945.0,231,50.87830919144896,4.166730564957665,1.6740008811987033,34116.30651199011,0.5937191537760047,0.9412875747567311,34774.0,0,0.9,0.5,50.0,7.0
1998,1950.0,261,45.93612558757594,4.171656722841237,1.8782461370760142,34156.14849441944,0.4391210727574502,0.9201571659045203,34774.0,0,0.9,0.4,45.0,6.0
1998,1955.0,315,41.00523471007149,4.174513919779076,1.759166532882634,31506.721790024003,0.47643698327900524,0.8865598128842588,29424.0,0,0.8,0.4,40.0,5.0
1998,1960.0,353,35.845297603859805,4.170653661478509,1.7352520238454223,25819.525233989003,0.49760356985456144,0.8181763355060192,25412.0,0,0.8,0.4,35.0,4.0
1998,1965.0,287,31.182168614421965,4.021315501125669,1.6259724977187129,22264.207400178275,0.3740289115706177,0.6802269660466967,29424.0,0,0.6000000000000001,0.30000000000000004,30.0,3.0
1998,1970.0,266,26.212248144732047,3.7510175127203,1.8857172750471378,17069.698793602787,0.2612226922588894,0.43877003581793184,20062.0,0,0.4,0.2,25.0,2.0
1998,1975.0,184,20.99049857130951,3.838480462328301,1.9144910282037364,7746.498127394195,0.27315905770769555,0.11876332447661822,9630.0,0,0.1,0.2,20.0,1.0
2000,1915.0,72,82.90000855670272,4.389985380782374,1.81000660868742,516.6807166511614,0.4499969960511727,0.9099998725597467,517.0,0,0.9,0.4,80.0,14.0
2000,1920.0,90,78.00751648123003,4.360901977747602,1.7293259122169167,870.2363797143983,0.473684786893863,0.9849615620482719,10463.0,0,0.9,0.4,75.0,13.0
2000,1925.0,104,72.8579534169715,4.477261912643375,1.647732915142588,5263.8794677584865,0.4204544514142903,0.9715900627286118,11754.5,0,0.9,0.4,70.0,12.0
2000,1930.0,118,67.71053032517092,4.463152246300085,1.7000043119762747,11005.481322914318,0.5157861451411214,0.9315766022585172,18084.0,0,0.9,0.5,65.0,11.0
2000,1935.0,125,62.68635911491565,4.3818155186025605,1.7045462444822912,16591.952270060294,0.5636346784377787,0.9454526796989694,21959.0,0,0.9,0.5,60.0,10.0
2000,1940.0,160,57.99655582965715,4.134017329088129,1.6735439543079655,30800.423897599583,0.5154637304775603,0.9415786124842258,33585.0,0,0.9,0.5,55.0,9.0
2000,1945.0,214,52.7727279458587,4.100478327187643,1.712921802956377,31405.961390607154,0.5765528211373403,0.9090882165652258,33585.0,0,0.9,0.5,50.0,8.0
2000,1950.0,258,47.91614335141861,4.029342040729085,1.7442388248832537,33506.92281855499,0.4758894578043087,0.9014646974517125,33585.0,0,0.9,0.4,45.0,7.0
2000,1955.0,324,43.05360317184884,4.170849779680199,1.7638206494043942,29889.911977901233,0.47738447505517523,0.8475677907667873,33585.0,0,0.8,0.4,40.0,6.0
2000,1960.0,307,38.07294471353276,4.099193440165107,1.7313119868105225,28098.484448553303,0.4426470578513817,0.8260346752639778,33585.0,0,0.8,0.4,35.0,5.0
2000,1965.0,278,32.91251037476157,4.142330779152806,1.7093183425784593,23986.253949709142,0.3244031911562138,0.7453936788594295,28418.0,0,0.7000000000000001,0.30000000000000004,30.0,4.0
2000,1970.0,248,28.062921607582965,4.0157273334271615,1.7213503225574174,24469.727048673278,0.2224696998955903,0.5685336320521592,24543.0,0,0.5,0.2,25.0,3.0
2000,1975.0,218,23.033260387513064,3.7782689274623054,1.798228308710587,13210.03502166374,0.1951226010533748,0.2594202845896203,14209.0,0,0.2,0.1,20.0,2.0
2000,1980.0,86,19.330231786172764,3.939540153575698,1.9069764487905996,3234.787763905307,0.3209313786924725,0.08371975652798334,4650.0,0,0.0,0.30000000000000004,15.0,1.0
2002,1925.0,64,74.92792619642513,4.3513519188186525,1.6486496962805883,5561.6705165248895,0.6396390576218955,0.9819819528810948,8756.0,0,0.9,0.6000000000000001,70.0,12.0
2002,1930.0,71,70.0678014770564,4.033898459589092,1.6694915382990911,14023.377475877433,0.5169499894409154,0.9576269255136348,13377.0,0,0.9,0.5,70.0,11.0
2002,1935.0,69,64.93277150144401,4.529412562275811,1.6890751618380162,20251.59385249051,0.4201687002188976,0.9159677664771966,19457.0,0,0.9,0.4,60.0,10.0
2002,1940.0,78,60.20740635486812,4.518515223185295,1.6888884757426343,25825.000143420773,0.38518569669959596,0.9333332448019932,31618.0,0,0.9,0.30000000000000004,60.0,9.0
2002,1945.0,101,54.97927542478366,4.3005114495591465,1.8860115851778088,49424.8274475453,0.5388593913137175,0.9430048636939552,43779.0,0,0.9,0.5,50.0,8.0
2002,1950.0,135,50.03905983558398,4.363279720833103,1.7890617614041824,35911.75074704317,0.48046903176062694,0.8828120896689902,36482.0,0,0.8,0.4,50.0,7.0
2002,1955.0,140,45.09689949413531,4.224804741786647,1.7751938684751791,32482.113297709708,0.41860511979543047,0.8875972816721328,31618.0,0,0.8,0.4,45.0,6.0
2002,1960.0,117,40.09548116250158,4.175877912109692,1.788945244229834,36907.605139547035,0.5226122051854921,0.8442217257346714,31618.0,0,0.8,0.5,40.0,5.0
2002,1965.0,147,34.78991790967202,4.04621780376359,1.7184877241138268,39032.42628065582,0.3613450821882518,0.7689072148796062,26754.0,0,0.7000000000000001,0.30000000000000004,30.0,4.0
2002,1970.0,119,30.209182950131108,4.045917494674317,1.8163272772840067,25815.549122965876,0.35204022365581944,0.6683670436033721,31618.0,0,0.6000000000000001,0.30000000000000004,30.0,3.0
2002,1975.0,144,24.88686646226483,3.8248157177422635,1.8065687317533414,15216.052646558866,0.3175177085009965,0.3138700124708675,20673.0,0,0.30000000000000004,0.30000000000000004,20.0,2.0
2002,1980.0,69,20.70322931365519,3.5741932499016857,1.9290314372296375,10289.298696476902,0.31612806218048073,0.09032246871313238,8756.0,0,0.0,0.30000000000000004,20.0,1.0
2004,1935.0,70,66.83759047288706,4.391942035688133,1.6683547230893745,11008.320423941113,0.7125016379542916,0.9642717847920763,30425.0,0,0.9,0.7000000000000001,65.0,10.0
2004,1940.0,82,61.84070281971541,4.540714785587289,1.7666014385637085,31471.78063172551,0.524294950281198,0.9550747987860078,32765.5,0,0.9,0.5,60.0,9.0
2004,1945.0,108,56.81099969360185,4.288030974067575,1.8351698652776616,25431.568849521373,0.560694688170246,0.940309926371596,30425.0,0,0.9,0.5,55.0,8.0
2004,1950.0,113,51.87986570166732,4.353556685937285,1.772579922105585,43485.980804528896,0.6251411177649882,0.9235169786157459,42127.0,0,0.9,0.6000000000000001,50.0,7.0
2004,1955.0,124,46.99626231985293,4.25915125107669,1.7128808713166632,29853.548343159902,0.5071252835214793,0.898179763608624,32765.5,0,0.8,0.5,45.0,6.0
2004,1960.0,153,42.11761428605359,4.322133814692539,1.8562470947099121,30206.42333325416,0.43603950855215606,0.8808513814760401,35106.0,0,0.8,0.4,40.0,5.0
2004,1965.0,137,36.9556572916949,4.487528724729015,1.7064229278611687,28225.281726293808,0.45641615231987404,0.8418695644111486,30425.0,0,0.8,0.4,35.0,4.0
2004,1970.0,127,32.01990791170217,4.227808488994785,1.7288133287126453,19621.77921138291,0.4929181009609807,0.7126998774663794,30425.0,0,0.7000000000000001,0.4,30.0,3.0
2004,1975.0,128,27.04977209525746,3.981740079238109,1.7625165349406684,20861.82639142589,0.356360879282175,0.5598299564117498,22234.0,0,0.5,0.30000000000000004,25.0,2.0
2004,1980.0,99,21.83170166315974,3.7723863310009644,1.891878569835675,6933.951908177714,0.27509490074612186,0.20904003153346268,12872.0,0,0.2,0.2,20.0,1.0
2006,1920.0,89,84.02096057628971,4.4303449049093935,1.2405799335697167,3291.762988241559,0.4004961249001443,0.9759127156531613,6616.0,0,0.9,0.4,80.0,14.0
2006,1925.0,131,78.92124601195975,4.346699079481859,1.175470501577782,816.256511619798,0.3346499677469969,0.9625440209906029,5734.0,0,0.9,0.30000000000000004,75.0,13.0
2006,1930.0,174,73.92013847815419,4.688475249409767,1.2191404191162005,2307.612581745437,0.4784600814882061,0.96284034205168,14334.0,0,0.9,0.4,70.0,12.0
2006,1935.0,195,69.01123125613778,4.355093575279304,1.1322167196098947,11899.538898503999,0.3916691476189,0.9476976275857711,21501.5,0,0.9,0.30000000000000004,65.0,11.0
2006,1940.0,264,63.83808320370057,4.377720440034102,1.100849909079112,13597.085114928273,0.40151920837227795,0.959845738381099,24258.0,0,0.9,0.4,60.0,10.0
2006,1945.0,339,58.98310040515027,4.274705189262454,1.1622441434250528,28403.268521379872,0.4018241203635293,0.9475954300176873,30873.5,0,0.9,0.4,55.0,9.0
2006,1950.0,402,53.89414184794817,4.1720097932891775,1.1967122381812934,31185.23783440696,0.3286472277837254,0.9228588914745616,39695.0,0,0.9,0.30000000000000004,50.0,8.0
2006,1955.0,462,48.7795065019359,4.031560966470303,1.1455761157676652,30183.822867518084,0.32185649152243245,0.8855526290036443,33079.0,0,0.8,0.30000000000000004,45.0,7.0
2006,1960.0,445,43.992541229855405,4.254888512323353,1.2138781489962884,34135.003676684966,0.3295712719956924,0.9014820501682993,33079.0,0,0.9,0.30000000000000004,40.0,6.0
2006,1965.0,457,39.09170493356757,4.2100355369124305,1.0831076377347182,26290.831671586722,0.30220383108504867,0.8355941432464636,33079.0,0,0.8,0.30000000000000004,35.0,5.0
2006,1970.0,440,34.04093127551568,4.1149976507764165,1.2535677987729927,23428.900295073305,0.2537882921189636,0.7629692021748129,28668.0,0,0.7000000000000001,0.2,30.0,4.0
2006,1975.0,374,28.84378289522596,4.029466431423341,1.1910039424279386,21489.204507104212,0.21495025690642716,0.5834170375030572,24258.0,0,0.5,0.2,25.0,3.0
2006,1980.0,340,24.007652938249194,3.7498598926655444,1.3911208413708096,13195.484700921828,0.2225974898599866,0.26312713637418783,16539.0,0,0.2,0.2,20.0,2.0
2006,1985.0,161,19.80809370467893,3.8705911770269594,1.2732277626420647,4407.76252813032,0.23903129504928108,0.07918280196471941,4852.0,0,0.0,0.2,15.0,1.0
2008,1925.0,56,80.68562329390355,4.794163525282724,1.6716495515403613,7552.998879539906,0.6122448979591837,0.9920057194852464,7785.9375,0,0.9,0.6000000000000001,80.0,13.0
2008,1930.0,78,75.88054716080802,4.395419118816607,1.643709241291554,1647.8232264991254,0.643709241291554,0.9934786066486401,13495.625,0,0.9,0.6000000000000001,75.0,12.0
2008,1935.0,84,70.69665153234959,4.479001135073781,1.6545119182746875,5324.897807888762,0.5981838819523269,0.9341657207718502,14533.75,0,0.9,0.5,70.0,11.0
2008,1940.0,119,65.71543255519173,4.493715010034859,1.69979930284145,16066.386271983421,0.5646984261117567,0.9566916657864161,19724.375,0,0.9,0.5,65.0,10.0
2008,1945.0,146,60.92472514244444,4.092929941417222,1.8640558542653083,25795.170157841832,0.5977048390979858,0.926570901211781,31143.75,0,0.9,0.5,60.0,9.0
2008,1950.0,170,55.83116960575757,4.408417662378974,1.815602695878646,38278.2382420884,0.5131712360086681,0.9573550169983499,37372.5,0,0.9,0.5,55.0,8.0
2008,1955.0,203,50.93782718176396,4.33334437744351,1.8027632363660462,32786.68053462998,0.5551321979988073,0.8674044132264264,31143.75,0,0.8,0.5,50.0,7.0
2008,1960.0,197,46.05893095455504,4.148451218655616,1.8096157898433658,37510.31334186631,0.5742607290861841,0.8610837957434853,37372.5,0,0.8,0.5,45.0,6.0
2008,1965.0,164,40.94760820045558,4.052328524424196,1.7946722348772464,51983.9726303163,0.4081878005568211,0.8519362186788155,37372.5,0,0.8,0.4,40.0,5.0
2008,1970.0,199,36.03985582950271,4.147043460091935,1.8122649394066024,36274.1616252926,0.4612411199331383,0.8339949853740076,31143.75,0,0.8,0.4,35.0,4.0
2008,1975.0,155,30.986651105113435,3.800350134947845,1.8308410533226347,24351.418301845508,0.46137573856590564,0.5849441972426874,22838.75,0,0.5,0.4,30.0,3.0
2008,1980.0,169,26.089915310228847,3.962640398822753,1.8740464892786355,15499.332827797469,0.2184515586521713,0.34806895309027575,19724.375,0,0.30000000000000004,0.2,25.0,2.0
2008,1985.0,135,20.94522012578616,3.801320754716981,1.917106918238994,7349.8466509434,0.2817610062893082,0.07559748427672955,9343.125,0,0.0,0.2,20.0,1.0
2010,1930.0,65,77.80244897959184,4.013061224489796,1.7224489795918367,6801.901632653059,0.44979591836734695,1.0,11041.25,0,0.9,0.4,75.0,13.0
2010,1935.0,69,72.94304635761593,4.299337748344373,1.7900662251655635,4965.970033112584,0.6079470198675498,0.9781456953642386,9134.125,0,0.9,0.6000000000000001,70.0,12.0
2010,1940.0,127,68.04199593587717,4.131293745766538,1.8052607812147217,11875.946776937235,0.7104312485888461,0.9776473244524724,22082.5,0,0.9,0.7000000000000001,65.0,11.0
2010,1945.0,145,62.80785498489426,4.394864048338369,1.9096676737160119,14890.573375776434,0.5767371601208459,0.9574018126888219,26097.5,0,0.9,0.5,60.0,10.0
2010,1950.0,189,58.000429830217065,4.019557274876424,1.8325811304534707,24969.418721158392,0.5366430260047281,0.8966258327960456,30112.5,0,0.8,0.5,55.0,9.0
2010,1955.0,175,52.90608564988731,4.330328074129727,1.8339594290007515,26903.14406402204,0.44152266466316054,0.915602304032056,36135.0,0,0.9,0.4,50.0,8.0
2010,1960.0,179,48.108332018305205,4.078112671611173,1.9839829572352847,32385.145812031733,0.47033296512545375,0.8397506706643524,36135.0,0,0.8,0.4,45.0,7.0
2010,1965.0,187,43.046296296296305,4.130706287683032,1.839362618432386,30752.55469014212,0.5525409130060293,0.8410852713178294,30112.5,0,0.8,0.5,40.0,6.0
2010,1970.0,166,38.00265674814028,4.1955366631243365,1.7571732199787462,23851.71848401169,0.4766206163655685,0.7539851222104146,26097.5,0,0.7000000000000001,0.4,35.0,5.0
2010,1975.0,181,32.875783837102794,4.07193687028817,1.8278728950891285,19001.955497178897,0.3113506658211795,0.6237581906573665,30112.5,0,0.6000000000000001,0.30000000000000004,30.0,4.0
2010,1980.0,185,28.122370936902488,3.9875717017208414,1.8142925430210326,16540.235838910135,0.23972275334608034,0.4804015296367113,19071.25,0,0.4,0.2,25.0,3.0
2010,1985.0,164,23.14560216508796,3.8388942586506865,1.9073265029963276,8235.756137637734,0.2182872607771118,0.18349120433017596,9033.75,0,0.1,0.2,20.0,2.0
2010,1990.0,53,19.205848623853218,3.6324541284403686,1.7631880733944956,3389.728211009176,0.44896788990825665,0.06938073394495418,2810.5,0,0.0,0.4,15.0,1.0
2012,1930.0,55,79.61282050979393,4.621607606081308,1.750249002993457,2522.8621493941014,0.5804008730700932,0.9562826680495334,10532.5,0,0.9,0.5,75.0,13.0
2012,1935.0,79,74.90858119054751,4.3021308257606945,1.866821033345952,1940.3383928387896,0.5684887590687905,0.9626172693292954,9575.0,0,0.9,0.5,70.0,12.0
2012,1940.0,97,69.92193142362237,4.320529409523635,1.8232250872119873,10435.810565800137,0.5678088483190612,0.9905993965323451,18192.5,0,0.9,0.5,65.0,11.0
2012,1945.0,142,64.79011426275943,4.1573510661964015,1.8068481465370292,13083.661837542119,0.46092224254780295,0.9429773370382385,28725.0,0,0.9,0.4,60.0,10.0
2012,1950.0,144,60.127979622971516,4.006310293498265,1.8384832472202493,30260.72725102319,0.4480215485629417,0.8655149204544792,28725.0,0,0.8,0.4,60.0,9.0
2012,1955.0,165,54.911834401659156,4.2831848691129295,1.9045244314145202,34726.073727371804,0.4528469357170598,0.8520688401188741,24895.0,0,0.8,0.4,50.0,8.0
2012,1960.0,177,49.966412947742015,4.259491578302588,1.6900133118803815,39285.979092608584,0.4414252688979216,0.8903973895898444,34470.0,0,0.8,0.4,45.0,7.0
2012,1965.0,157,44.99910281594686,4.021552018635998,1.7955842863496707,48904.92746835274,0.5070019558866491,0.8488564095573651,28725.0,0,0.8,0.5,40.0,6.0
2012,1970.0,185,40.06658444200754,4.088415079414251,1.722467012150899,33002.23173787026,0.4251448730079783,0.8593865970097205,34470.0,0,0.8,0.4,40.0,5.0
2012,1975.0,170,34.966304565453825,4.099622749209661,1.8697070692292828,23389.357492812673,0.42009272610998927,0.7288670859385913,24895.0,0,0.7000000000000001,0.4,30.0,4.0
2012,1980.0,190,30.080798673702343,4.085234242582056,1.7592487256724954,19118.1532231978,0.3437894867046096,0.5134930687800419,24895.0,0,0.5,0.30000000000000004,30.0,3.0
2012,1985.0,140,24.981645917253747,3.7075352440791303,1.7587392370664403,10724.901137786874,0.28111455833346444,0.3139748624122795,12447.5,0,0.30000000000000004,0.2,20.0,2.0
2012,1990.0,106,20.427895293926746,3.8909215255942353,1.7863522489141845,3062.3005779356054,0.38407728650776735,0.04472128157243472,4213.0,0,0.0,0.30000000000000004,20.0,1.0
2014,1925.0,52,87.40406764424971,4.334119894376089,1.7099087963743285,467.063168342791,0.5670356012510068,1.0,17920.75,0,0.9,0.5,85.0,14.0
2014,1930.0,61,81.73408028161616,4.147441286187148,1.6910234855251407,301.4090494141754,0.5859428361267274,0.9612909157778595,12932.5,0,0.9,0.5,80.0,13.0
2014,1935.0,112,77.17895155821566,4.516547748916473,1.8453577851814726,1616.1743926349618,0.5898664386590796,0.9709069198337118,13856.25,0,0.9,0.5,75.0,12.0
2014,1940.0,125,71.83932298870812,4.444810502225688,1.652245806402938,8848.3406406176,0.45571888439001085,0.9321731257701884,16627.5,0,0.9,0.4,70.0,11.0
2014,1945.0,154,66.75502030657033,4.342118336346457,1.8040633626451295,22194.572586809438,0.5300501390475117,0.9465473709009152,33255.0,0,0.9,0.5,65.0,10.0
2014,1950.0,205,61.87337174390434,4.17956886411122,1.7522618139164452,30210.67461642362,0.5085624027378362,0.9289182281374649,33255.0,0,0.9,0.5,60.0,9.0
2014,1955.0,256,56.939005240504095,4.255337476158249,1.8857334699413353,31546.24903784233,0.5381508163041472,0.873722309459926,33255.0,0,0.8,0.5,55.0,8.0
2014,1960.0,241,52.1357102047337,4.240451762616128,1.795377312765191,26971.967129076405,0.4727612920345835,0.910465220181474,33255.0,0,0.9,0.4,50.0,7.0
2014,1965.0,183,46.89981769788895,4.266981441645094,1.828275057425165,28377.405733397973,0.46625587924308154,0.8584569949320012,33255.0,0,0.8,0.4,45.0,6.0
2014,1970.0,218,41.98230972502362,4.042440064339878,1.798283631628667,30859.547831886794,0.3613309673960222,0.811218627926571,33255.0,0,0.8,0.30000000000000004,40.0,5.0
2014,1975.0,220,37.15081403883366,4.137956228731569,1.6736705144458535,24904.322720859986,0.3868452658971109,0.7335457396410224,27712.5,0,0.7000000000000001,0.30000000000000004,35.0,4.0
2014,1980.0,243,31.854929210559437,3.7998606749071406,1.8128477639200695,22397.268018598144,0.33693256489885764,0.6556826197800654,24017.5,0,0.6000000000000001,0.30000000000000004,30.0,3.0
2014,1985.0,210,26.924846442154507,3.8221460955941713,1.753211592120894,15250.78054099947,0.17974479161870385,0.4029922676219332,20322.5,0,0.4,0.1,25.0,2.0
2014,1990.0,132,22.073869627484616,4.002998064241987,1.8681048456901848,5400.461498284573,0.2724146613997261,0.06860530995735038,5542.5,0,0.0,0.2,20.0,1.0
2016,1930.0,66,83.85565042241412,4.516778903156469,1.7622633764465432,1197.4783925959155,0.49066129540324416,0.9865461123571336,19965.0,0,0.9,0.4,80.0,14.0
2016,1935.0,111,78.92154650232271,4.562537910643109,1.762630557778471,1125.2396380126108,0.5198281664085913,0.9689226748838662,10980.75,0,0.9,0.5,75.0,13.0
2016,1940.0,114,73.9583104587119,4.479198983753843,1.8506217642956053,3979.3822280386385,0.552314805935533,0.9565999153128202,23595.0,0,0.9,0.5,70.0,12.0
2016,1945.0,186,68.69368157181242,4.117585375556465,1.8047242360203077,10569.538086050834,0.5473529886560424,0.9381333391589853,17242.5,0,0.9,0.5,65.0,11.0
2016,1950.0,216,63.8590518564734,4.121594036867836,1.7170777940078796,17844.634780912656,0.5163141942756629,0.9272976769715733,25410.0,0,0.9,0.5,60.0,10.0
2016,1955.0,295,58.79035029222201,4.038053511606355,1.8059852127616978,30883.63342147326,0.5277402926224105,0.8730824010622987,32670.0,0,0.8,0.5,55.0,9.0
2016,1960.0,266,53.795748024289324,4.315824737832144,1.8756596912574603,29173.659029673345,0.48965546503745055,0.8911697981286644,27225.0,0,0.8,0.4,50.0,8.0
2016,1965.0,232,48.909452473811974,4.223157676748019,1.8165209119451804,30389.614696306908,0.3953014415314246,0.8900242523653946,32670.0,0,0.8,0.30000000000000004,45.0,7.0
2016,1970.0,206,43.82668524435865,4.168719382493869,1.8535298908479214,32915.13173522609,0.40423126770361517,0.8202259132835027,32670.0,0,0.8,0.4,40.0,6.0
2016,1975.0,216,38.84319638255442,4.049042412011421,1.91170147232541,28792.433393525494,0.269059313377484,0.7441327258300947,27225.0,0,0.7000000000000001,0.2,35.0,5.0
2016,1980.0,243,34.095527492920404,3.8148101634267735,1.8210141538030467,25905.106190283474,0.3778867507465645,0.6829395948464207,27225.0,0,0.6000000000000001,0.30000000000000004,30.0,4.0
2016,1985.0,259,29.04967657224965,3.9135016890662118,1.830073777988952,18988.460493521183,0.24591766909231302,0.5028690692544732,23595.0,0,0.5,0.2,25.0,3.0
2016,1990.0,213,23.963359072691187,3.744639225824753,1.868040363692218,9928.860943380869,0.24631982559788393,0.19584003402968123,13612.5,0,0.1,0.2,20.0,2.0
2016,1995.0,92,19.88762016052704,3.788623535111965,1.892908246864292,3978.8739237359177,0.5173038514360889,0.027164568010537845,4719.0,0,0.0,0.5,15.0,1.0
2018,1940.0,104,75.85471366180755,4.499954526942057,1.6744181816459724,5325.449617464758,0.5988409105977395,0.9418636376552053,11391.25,1,0.9,0.5,75.0,12.0
2018,1945.0,154,70.68646766526729,4.191097096569285,1.7439747738247118,11034.030411800868,0.645640440362416,0.9591843842329252,22782.5,1,0.9,0.6000000000000001,70.0,11.0
2018,1950.0,168,65.95113286199216,4.236208151434274,1.7557050725120804,14288.96509032354,0.5863241309915236,0.9332237432753957,26287.5,1,0.9,0.5,65.0,10.0
2018,1955.0,185,60.850451221848665,4.299048739031562,1.8127399825163808,26115.514829538886,0.5110256592226388,0.9115669122869303,31545.0,1,0.9,0.5,60.0,9.0
2018,1960.0,199,56.05712804107913,4.321050150105074,1.7728480404221887,41947.0893671115,0.4936515576552444,0.8845266335289658,38555.0,1,0.8,0.4,55.0,8.0
2018,1965.0,182,51.199081402426586,4.235660147307387,1.8290623754587272,32608.500275554357,0.4932950426513557,0.8901262598170905,31545.0,1,0.8,0.4,50.0,7.0
2018,1970.0,171,45.97834954553556,4.055104404182038,1.8308992999968048,37595.783767718276,0.5491998183320793,0.9148859112591889,38555.0,1,0.9,0.5,45.0,6.0
2018,1975.0,204,40.91268145733417,4.095470215629644,1.7403942319386327,26881.739579406927,0.3899888333948204,0.7741612863994259,31545.0,1,0.7000000000000001,0.30000000000000004,40.0,5.0
2018,1980.0,218,35.82827859544462,3.770654324968468,1.7315090767320103,29582.69631107386,0.2913171506714293,0.7826125394625537,31545.0,1,0.7000000000000001,0.2,35.0,4.0
2018,1985.0,206,30.87711980563049,3.7500120055729598,1.8497831314536755,20092.27857998273,0.30153351556093455,0.4583147532799442,22782.5,1,0.4,0.30000000000000004,30.0,3.0
2018,1990.0,184,25.937569205875565,3.8082936456652927,1.8880391211253433,12058.095930082709,0.13393536175127613,0.3071544204961756,19277.5,1,0.30000000000000004,0.1,25.0,2.0
2018,1995.0,128,21.089364105365732,3.710909370304507,2.017085281539843,5385.798521021254,0.19709043005961657,0.08146404442464153,5257.5,1,0.0,0.1,20.0,1.0
